<keymap version="1" name="Default copy Proper Redo copy" parent="$default">
  <action id="$Redo">
    <keyboard-shortcut first-keystroke="shift ctrl z" />
    <keyboard-shortcut first-keystroke="shift alt back_space" />
    <keyboard-shortcut first-keystroke="ctrl y" />
  </action>
  <action id="Annotate">
    <keyboard-shortcut first-keystroke="ctrl alt a" />
  </action>
  <action id="ChangesView.AddUnversioned" />
  <action id="ChangesView.GroupBy.Directory" />
  <action id="ChangesView.Rename">
    <keyboard-shortcut first-keystroke="f2" />
  </action>
  <action id="CloseContent">
    <keyboard-shortcut first-keystroke="ctrl f4" />
    <keyboard-shortcut first-keystroke="ctrl w" />
  </action>
  <action id="Console.TableResult.CompareCells" />
  <action id="Console.TableResult.NavigateForeignAction">
    <keyboard-shortcut first-keystroke="ctrl b" />
    <mouse-shortcut keystroke="button2" />
  </action>
  <action id="Diagram.DeselectAll" />
  <action id="Diff.ShowSettingsPopup" />
  <action id="EditorAddOrRemoveCaret">
    <mouse-shortcut keystroke="shift alt button1" />
    <mouse-shortcut keystroke="control button1" />
  </action>
  <action id="EditorDeleteLine">
    <keyboard-shortcut first-keystroke="shift ctrl d" />
  </action>
  <action id="EditorLookupDown" />
  <action id="EditorLookupUp" />
  <action id="EditorScrollDown" />
  <action id="EditorScrollUp" />
  <action id="EditorSelectWord" />
  <action id="ExpressionTypeInfo" />
  <action id="FileChooser.TogglePathShowing" />
  <action id="Git.Rename.Local.Branch">
    <keyboard-shortcut first-keystroke="f2" />
  </action>
  <action id="Git.Reword.Commit">
    <keyboard-shortcut first-keystroke="f2" />
  </action>
  <action id="GotoDeclaration">
    <keyboard-shortcut first-keystroke="ctrl b" />
    <mouse-shortcut keystroke="button2" />
  </action>
  <action id="GotoFile">
    <keyboard-shortcut first-keystroke="ctrl p" />
  </action>
  <action id="GotoTest" />
  <action id="Images.ShowThumbnails" />
  <action id="Jdbc.OpenEditor.DDL">
    <keyboard-shortcut first-keystroke="ctrl b" />
    <mouse-shortcut keystroke="button2" />
  </action>
  <action id="MethodOverloadSwitchDown" />
  <action id="MethodOverloadSwitchUp" />
  <action id="MoveLineDown">
    <keyboard-shortcut first-keystroke="shift alt down" />
    <keyboard-shortcut first-keystroke="ctrl down" />
  </action>
  <action id="MoveLineUp">
    <keyboard-shortcut first-keystroke="shift alt up" />
    <keyboard-shortcut first-keystroke="ctrl up" />
  </action>
  <action id="ParameterInfo" />
  <action id="ParameterInfo.GoToPreviousSignature" />
  <action id="ReformatCode">
    <keyboard-shortcut first-keystroke="ctrl alt l" />
    <keyboard-shortcut first-keystroke="ctrl alt s" />
  </action>
  <action id="ReopenClosedTab">
    <keyboard-shortcut first-keystroke="shift ctrl t" />
  </action>
  <action id="Resume">
    <keyboard-shortcut first-keystroke="f8" />
  </action>
  <action id="RunDashboard.ShowConfigurations" />
  <action id="SearchEverywhere">
    <keyboard-shortcut first-keystroke="shift ctrl p" />
  </action>
  <action id="SearchEverywhere.NavigateToNextGroup">
    <keyboard-shortcut first-keystroke="page_down" />
  </action>
  <action id="SearchEverywhere.NavigateToPrevGroup">
    <keyboard-shortcut first-keystroke="page_up" />
  </action>
  <action id="ShelvedChanges.Rename">
    <keyboard-shortcut first-keystroke="f2" />
  </action>
  <action id="ShowBookmarks" />
  <action id="ShowSettings" />
  <action id="StepInto">
    <keyboard-shortcut first-keystroke="f11" />
  </action>
  <action id="StepOut">
    <keyboard-shortcut first-keystroke="shift f11" />
  </action>
  <action id="StepOver">
    <keyboard-shortcut first-keystroke="f10" />
  </action>
  <action id="TodoViewGroupByShowPackages" />
  <action id="ToggleBookmark" />
  <action id="Uml.ShowDiff" />
  <action id="com.jetbrains.rider.interactive.csi.SendToCSharpInteractive" />
</keymap>