<application>
  <component name="com.intellij.ide.ui.customization.CustomActionsSchema">
    <group value="RebuildSolutionAction" is_action="true" action_type="1" position="2">
      <path value="root" />
      <path value="Main Toolbar" />
      <path value="Toolbar Run Actions" />
      <path value="ActiveRuntimeGroup" />
      <option name="myInitialPosition" value="-1" />
    </group>
    <group value="CleanSolutionAction" is_action="true" action_type="1" position="3">
      <path value="root" />
      <path value="Main Toolbar" />
      <path value="Toolbar Run Actions" />
      <path value="ActiveRuntimeGroup" />
      <option name="myInitialPosition" value="-1" />
    </group>
    <group seperator="true" action_type="1" position="4">
      <path value="root" />
      <path value="Main Toolbar" />
      <path value="Toolbar Run Actions" />
      <option name="myInitialPosition" value="-1" />
    </group>
    <group seperator="true" action_type="1" position="6">
      <path value="root" />
      <path value="Main Toolbar" />
      <path value="Toolbar Run Actions" />
      <option name="myInitialPosition" value="-1" />
    </group>
    <group value="ChooseRunConfiguration" is_action="true" action_type="1" position="7">
      <path value="root" />
      <path value="Main Toolbar" />
      <path value="Toolbar Run Actions" />
      <option name="myInitialPosition" value="-1" />
    </group>
    <group value="XDebugger.AttachToProcess" is_action="true" action_type="1" position="8">
      <path value="root" />
      <path value="Main Toolbar" />
      <path value="Toolbar Run Actions" />
      <option name="myInitialPosition" value="-1" />
    </group>
    <group value="NewFromTemplate" is_group="true" action_type="1" position="22">
      <path value="root" />
      <path value="Favorites View Popup Menu" />
      <path value="New" />
      <option name="myInitialPosition" value="-1" />
    </group>
  </component>
</application>