<application>
  <component name="GeneralSettings">
    <option name="autoSaveIfInactive" value="true" />
    <option name="confirmExit" value="false" />
    <option name="defaultProjectDirectory" value="C:\projects\robinson" />
    <option name="inactiveTimeout" value="1" />
    <option name="reopenLastProject" value="false" />
    <option name="showTipsOnStartup" value="false" />
  </component>
  <component name="Registry">
    <entry key="ide.win.frame.decoration" value="true" />
    <entry key="ide.borderless.title.product" value="false" />
    <entry key="ide.borderless.title.version" value="false" />
    <entry key="rdclient.asyncActions" value="false" />
    <entry key="ide.svg.icon" value="true" />
    <entry key="show.log.as.editor.tab" value="false" />
    <entry key="show.diff.preview.as.editor.tab" value="true" />
    <entry key="vcs.log.show.diff.preview.as.editor.tab" value="true" />
  </component>
</application>